{"((-1, -1, -1, -1), (0, 0, 0, 0))":0,"((-1, -1, -1, -1), (2, 2, 1, 1))":0.06067134132781657,"((1, 1, 0, 0), (0, 0, 0, 0))":0,"((1, 1, 0, 0), (0, 1, 0, 0))":0,"((1, 1, 0, 0), (0, 0, 1, 0))":0.04861856684551725,"((1, 1, 1, 0), (0, 0, 0, 0))":0,"((1, 1, 1, 0), (0, 1, 0, 0))":0.006035160429741763,"((1, 1, 1, 0), (0, 0, -1, 0))":-0.011613655023464646,"((1, 2, 1, 0), (0, 0, 0, 0))":0.005145181530814528,"((1, 2, 1, 0), (1, 0, 0, 0))":0.07423472733580906,"((1, 2, 1, 0), (0, -1, 0, 0))":-0.0006024505632426099,"((1, 2, 1, 0), (0, 1, 0, 0))":0,"((1, 2, 1, 0), (0, 0, -1, 0))":-0.0028787148366328846,"((1, 2, 1, 0), (0, 0, 1, 0))":0,"((2, 2, 1, 0), (0, 0, 0, 0))":0.012590883017375343,"((2, 2, 1, 0), (-1, 0, 0, 0))":0.00038065289027393204,"((2, 2, 1, 0), (0, 1, 0, 0))":0.012505819105841883,"((2, 2, 1, 0), (0, 0, -1, 0))":-0.04916045233573919,"((2, 2, 1, 0), (0, 0, 1, 0))":0.008959463764346365,"((2, 2, 1, 0), (0, 0, 0, 1))":-0.01712811065500152,"((2, 2, 0, 0), (0, 0, 0, 0))":0.0018652721036210185,"((2, 2, 0, 0), (-1, 0, 0, 0))":0,"((2, 2, 0, 0), (0, 1, 0, 0))":-0.0077777737916032335,"((2, 2, 0, 0), (0, 0, 1, 0))":0.023164471088706153,"((2, 2, 0, 0), (0, 0, 0, 1))":0.0012222571166059684,"((2, 3, 0, 0), (0, 0, 0, 0))":0.006914489146377607,"((2, 3, 0, 0), (-1, 0, 0, 0))":-0.0037455425365565914,"((2, 3, 0, 0), (1, 0, 0, 0))":0.1743598880281504,"((2, 3, 0, 0), (0, -1, 0, 0))":-0.004676837527630751,"((2, 3, 0, 0), (0, 0, 1, 0))":0.012238353035643417,"((2, 3, 0, 0), (0, 0, 0, 1))":-0.0023060929433859523,"((3, 3, 0, 0), (0, 0, 0, 0))":0.0746950125966995,"((3, 3, 0, 0), (-1, 0, 0, 0))":0.002267802195437799,"((3, 3, 0, 0), (0, 0, 1, 0))":-0.004313750319691512,"((3, 3, 0, 0), (0, 0, 0, 1))":-0.03728095909177502,"((3, 3, 1, 0), (0, 0, 0, 0))":-0.016818569901833048,"((3, 3, 1, 0), (-1, 0, 0, 0))":-0.016228009746388536,"((3, 3, 1, 0), (0, 0, -1, 0))":-0.013055888879959877,"((3, 3, 1, 0), (0, 0, 1, 0))":0.009280975240206282,"((3, 3, 1, 0), (0, 0, 0, 1))":0.0017843312478579999,"((3, 3, 2, 0), (0, 0, 0, 0))":-0.2720674014571389,"((3, 3, 2, 0), (-1, 0, 0, 0))":-0.2793501198570884,"((3, 3, 2, 0), (0, 0, -1, 0))":-0.2756433412820425,"((3, 3, 2, 0), (0, 0, 1, 0))":-0.2764931266188899,"((3, 3, 2, 0), (0, 0, 0, 1))":-0.2899149562453107,"((3, 3, 3, 0), (0, 0, 0, 0))":-0.31898954652770484,"((3, 3, 3, 0), (-1, 0, 0, 0))":-0.3160240159099168,"((3, 3, 3, 0), (0, 0, -1, 0))":-0.3132318439230401,"((3, 3, 3, 0), (0, 0, 0, 1))":-0.3367488956440557,"((3, 3, 3, 1), (0, 0, 0, 0))":-0.020485821890799852,"((3, 3, 3, 1), (-1, 0, 0, 0))":-0.027803721930104337,"((3, 3, 3, 1), (0, 0, -1, 0))":-0.10948231509920844,"((3, 3, 3, 1), (0, 0, 0, -1))":-0.13302125324154288,"((3, 3, 2, 1), (0, 0, 0, 0))":-0.20094406887759247,"((3, 3, 2, 1), (-1, 0, 0, 0))":-0.19948733290328935,"((3, 3, 2, 1), (0, 0, -1, 0))":-0.20394268012370423,"((3, 3, 2, 1), (0, 0, 1, 0))":-0.19160798561424178,"((3, 3, 2, 1), (0, 0, 0, -1))":-0.17519147975437505,"((3, 3, 2, 1), (0, 0, 0, 1))":-0.19736090492293554,"((2, 3, 3, 0), (0, 0, 0, 0))":-0.34902057539457715,"((2, 3, 3, 0), (-1, 0, 0, 0))":-0.34727448423710044,"((2, 3, 3, 0), (1, 0, 0, 0))":-0.3428196474378384,"((2, 3, 3, 0), (0, 0, -1, 0))":-0.3453603075526166,"((2, 3, 3, 0), (0, 0, 0, 1))":-0.36453974158066643,"((2, 3, 3, 1), (0, 0, 0, 0))":0.05252014812000252,"((2, 3, 3, 1), (1, 0, 0, 0))":0.09498226300251544,"((2, 3, 3, 1), (0, 0, -1, 0))":0.07155136841872481,"((2, 3, 3, 1), (0, 0, 0, -1))":-0.03820662070320494,"((1, 3, 3, 0), (0, 0, 0, 0))":0.01790920667417281,"((1, 3, 3, 0), (1, 0, 0, 0))":0.11674739967422736,"((1, 3, 3, 0), (0, 0, -1, 0))":0.004363785373556595,"((2, 3, 2, 0), (0, 0, 0, 0))":-0.05946181207937656,"((2, 3, 2, 0), (-1, 0, 0, 0))":-0.10656195443294378,"((2, 3, 2, 0), (1, 0, 0, 0))":-0.055857692643328,"((2, 3, 2, 0), (0, -1, 0, 0))":-0.08162649075826452,"((2, 3, 2, 0), (0, 0, -1, 0))":-0.0614892849093043,"((2, 3, 2, 0), (0, 0, 1, 0))":-0.06315233683656202,"((2, 3, 2, 0), (0, 0, 0, 1))":-0.06092040105142849,"((2, 3, 2, 1), (0, 0, 0, 0))":-0.04215901663674425,"((2, 3, 2, 1), (-1, 0, 0, 0))":-0.09317362047738202,"((2, 3, 2, 1), (1, 0, 0, 0))":-0.09009601995279626,"((2, 3, 2, 1), (0, 0, -1, 0))":-0.04191062111350235,"((2, 3, 2, 1), (0, 0, 1, 0))":-0.03644279490656983,"((2, 3, 2, 1), (0, 0, 0, -1))":-0.04376459730492088,"((2, 3, 2, 1), (0, 0, 0, 1))":-0.046030330349111734,"((2, 2, 2, 0), (0, 0, 0, 0))":-0.00503306407068373,"((2, 2, 2, 0), (-1, 0, 0, 0))":-0.014297778424252205,"((2, 2, 2, 0), (0, 1, 0, 0))":0.049494481650375025,"((2, 2, 2, 0), (0, 0, -1, 0))":0.004982281633542596,"((3, 3, 2, 2), (0, 0, 0, 0))":-0.027333542664489712,"((3, 3, 2, 2), (-1, 0, 0, 0))":-0.018196753513141817,"((3, 3, 2, 2), (0, 0, -1, 0))":-0.027987745447339844,"((3, 3, 2, 2), (0, 0, 0, -1))":-0.04876427517662694,"((3, 3, 1, 2), (0, 0, 0, 0))":-0.006078694631187027,"((3, 3, 1, 2), (-1, 0, 0, 0))":-0.011243118872580435,"((3, 3, 1, 2), (0, 0, -1, 0))":-0.009474285647183129,"((3, 3, 1, 2), (0, 0, 1, 0))":0.008032676769428771,"((3, 3, 1, 2), (0, 0, 0, -1))":-0.005266821349988342,"((3, 3, 1, 2), (0, 0, 0, 1))":-0.017008526367191665,"((2, 3, 2, 2), (0, 0, 0, 0))":0.02520170126019673,"((2, 3, 2, 2), (1, 0, 0, 0))":0.007251887140120244,"((2, 3, 2, 2), (0, 0, -1, 0))":-0.027586828483361404,"((2, 3, 2, 2), (0, 0, 0, -1))":0.04599171755556193,"((2, 3, 1, 2), (0, 0, 0, 0))":-0.0011706314862608832,"((2, 3, 1, 2), (1, 0, 0, 0))":-0.014385312420910894,"((2, 3, 1, 2), (0, -1, 0, 0))":-0.0038584506643709916,"((2, 3, 1, 2), (0, 0, -1, 0))":-0.011917630988785516,"((2, 3, 1, 2), (0, 0, 1, 0))":0.04794982168205281,"((2, 3, 1, 2), (0, 0, 0, -1))":-0.0028364589640747393,"((2, 3, 1, 0), (0, 0, 0, 0))":0.018674267242078216,"((2, 3, 1, 0), (-1, 0, 0, 0))":-0.008485613500379375,"((2, 3, 1, 0), (1, 0, 0, 0))":0.10375202777628001,"((2, 3, 1, 0), (0, -1, 0, 0))":0.001990902873312701,"((2, 3, 1, 0), (0, 0, -1, 0))":0.008676780446537018,"((2, 3, 1, 0), (0, 0, 1, 0))":0.035831293066491694,"((2, 3, 1, 0), (0, 0, 0, 1))":0.00813559144852536,"((1, 3, 2, 0), (0, 0, 0, 0))":0.004583846032952298,"((1, 3, 2, 0), (1, 0, 0, 0))":0.10427003112775497,"((1, 3, 2, 0), (0, -1, 0, 0))":-0.005762059177726531,"((1, 3, 2, 0), (0, 0, -1, 0))":-0.004098400672978495,"((1, 3, 2, 0), (0, 0, 1, 0))":0.011403420826770637,"((1, 3, 2, 0), (0, 0, 0, 1))":-0.0010056722970954658,"((3, 3, 1, 3), (0, 0, 0, 0))":-0.017697209029063046,"((3, 3, 1, 3), (0, 0, -1, 0))":-0.017067926521789442,"((3, 3, 1, 3), (0, 0, 0, -1))":-0.014628247856258192,"((3, 3, 1, 3), (0, 0, 0, 1))":-0.016903780608894876,"((3, 3, 0, 2), (0, 0, 0, 0))":0.0016516696330580575,"((3, 3, 0, 2), (-1, 0, 0, 0))":-0.0006198255285891949,"((3, 3, 0, 2), (0, 0, 1, 0))":0.03801468745600854,"((3, 3, 0, 2), (0, 0, 0, -1))":-0.00048045740619027564,"((3, 3, 0, 2), (0, 0, 0, 1))":-0.0030015891807506512,"((2, 3, 0, 2), (0, 0, 0, 0))":0.00040968509431524964,"((2, 3, 0, 2), (-1, 0, 0, 0))":0,"((2, 3, 0, 2), (1, 0, 0, 0))":0.015492854109773144,"((2, 3, 0, 2), (0, -1, 0, 0))":0,"((2, 3, 0, 2), (0, 0, 1, 0))":0,"((2, 3, 0, 2), (0, 0, 0, -1))":0,"((2, 3, 0, 2), (0, 0, 0, 1))":0,"((3, 3, 0, 1), (0, 0, 0, 0))":0.008824143584212097,"((3, 3, 0, 1), (-1, 0, 0, 0))":-0.0016270561638319758,"((3, 3, 0, 1), (0, 0, 1, 0))":0.14793848822644667,"((3, 3, 0, 1), (0, 0, 0, -1))":0.020859732447382266,"((3, 3, 0, 1), (0, 0, 0, 1))":-0.003817848242728303,"((3, 3, 1, 1), (0, 0, 0, 0))":-0.005699085600655429,"((3, 3, 1, 1), (-1, 0, 0, 0))":-0.006358514685055808,"((3, 3, 1, 1), (0, 0, -1, 0))":-0.06306209964183962,"((3, 3, 1, 1), (0, 0, 1, 0))":-0.06785586312757391,"((3, 3, 1, 1), (0, 0, 0, -1))":-0.0055056565441510405,"((3, 3, 1, 1), (0, 0, 0, 1))":-0.06289176565831088,"((2, 3, 1, 1), (0, 0, 0, 0))":0.0026158078703349096,"((2, 3, 1, 1), (-1, 0, 0, 0))":-0.00666716361180182,"((2, 3, 1, 1), (1, 0, 0, 0))":0.10394558757662006,"((2, 3, 1, 1), (0, -1, 0, 0))":-0.0019147047415739105,"((2, 3, 1, 1), (0, 0, -1, 0))":0.002252116119239005,"((2, 3, 1, 1), (0, 0, 1, 0))":0.00011458149320524086,"((2, 3, 1, 1), (0, 0, 0, -1))":0.0008050210374115512,