{"(-1, -1, -1, -1)":[3.117873936891556,0.4518588019254832,0.0],"(1, 1, 0, 0)":[2.146199643611908,0.5373806015604511,0.0],"(1, 1, 1, 0)":[3.829156458377838,1.4931516348214946,0.0],"(1, 2, 0, 1)":[2.573219060897827,0.306142902547716,0.0],"(1, 2, 0, 0)":[2.4797881841659546,0.3115471931752108,0.0],"(1, 2, 1, 0)":[4.445065289735794,1.145118694297118,0.0],"(1, 2, 2, 0)":[4.7529206573963165,1.473107374305174,0.0],"(1, 3, 0, 2)":[4.8008280992507935,1.6493982515084655,0.0],"(1, 3, 0, 1)":[3.8514267206192017,0.6490065876730065,0.0],"(1, 3, 1, 1)":[4.736810624599457,1.378286958320976,0.0],"(1, 3, 0, 0)":[5.792742431163788,1.7271002257306425,0.0],"(1, 3, 1, 0)":[7.1919746696949005,3.3413919869670936,0.0],"(1, 3, 2, 0)":[7.921354383230209,4.928620424305672,0.0],"(1, 3, 2, 1)":[5.471638053655624,2.5312201593981936,0.125],"(1, 3, 3, 0)":[6.996600329875946,2.6551823445216733,0.0],"(2, 2, 0, 2)":[3.09320929646492,0.691541380780264,0.0],"(2, 2, 0, 1)":[3.578212797641754,0.8668747275528486,0.125],"(2, 2, 1, 2)":[4.42392510175705,3.107004164560231,0.0],"(2, 2, 1, 1)":[5.822049975395203,1.1033393244034708,0.0],"(2, 3, 0, 3)":[3.8782926201820374,0.9982648878682358,0.0],"(2, 3, 0, 2)":[3.972161442041397,0.780486124125671,0.0],"(2, 3, 0, 1)":[6.699093788862228,3.2134755233046195,0.0],"(2, 3, 1, 2)":[7.192026764154434,3.120877202956009,0.0],"(2, 3, 1, 1)":[10.355754643678665,5.3557155862201915,0.0],"(2, 3, 2, 2)":[10.996899276971817,7.143613572080577,0.0],"(2, 3, 2, 1)":[17.68222513794899,8.739880873003141,0.125],"(2, 2, 0, 0)":[5.376374453306198,1.8131393059863383,0.125],"(2, 2, 1, 0)":[8.784400850534439,3.3740581907435816,0.0],"(2, 2, 2, 0)":[10.147789418697357,4.652635886689735,0.125],"(2, 3, 0, 0)":[7.795933693647385,1.3094339157961123,0.125],"(2, 3, 1, 0)":[9.234931319952011,2.144741888951147,0.0],"(2, 3, 2, 0)":[18.752841353416443,9.527715470895632,0.25],"(2, 3, 3, 0)":[27.29494246840477,10.769497746392144,0.125],"(2, 3, 3, 1)":[12.34807088971138,6.436908871239877,0.375],"(3, 3, 0, 4)":[3.468417227268219,1.7651058108225557,0.0],"(3, 3, 0, 3)":[3.8316457867622375,0.7240334963330002,0.0],"(3, 3, 0, 2)":[6.263753443956375,1.3546686570980992,0.125],"(3, 3, 1, 4)":[5.612100154161453,3.218054376617442,0.0],"(3, 3, 1, 3)":[8.236300647258759,2.6362206406017568,0.25],"(3, 3, 1, 2)":[11.336702674627304,6.461740556785642,0.125],"(3, 3, 0, 1)":[7.563731163740158,1.7439274734439252,0.0],"(3, 3, 1, 1)":[11.683716416358948,6.0622276348685284,0.0],"(3, 3, 2, 1)":[23.37635588645935,12.591008386514815,0.375],"(3, 3, 2, 2)":[13.09423115849495,5.569740506662864,0.125],"(3, 3, 3, 1)":[16.160525143146515,8.639805453227819,0.0],"(3, 3, 0, 0)":[11.287909746170044,3.064966355881743,0.0],"(3, 3, 1, 0)":[14.819995105266571,5.32764792992214,0.125],"(3, 3, 2, 0)":[26.931157022714615,17.6185506919688,0.125],"(3, 3, 3, 0)":[31.946913421154022,20.593421506478812,0.375]}