{"(-1, -1, -1, -1)":[0.10121268304363919,0.037069434371546126,0.0],"(1, 1, 0, 0)":[0.07021726562524508,0.03111383026197714,0.0],"(1, 1, 1, 0)":[0.11240743430780137,0.03363268565401272,0.0],"(1, 2, 0, 1)":[0.08630172195770727,0.03653694711160025,0.0],"(1, 2, 0, 0)":[0.08257677058302688,0.0341627453497588,0.0],"(1, 2, 1, 0)":[0.1531504527789831,0.07904289664281974,0.0],"(1, 2, 2, 0)":[0.1502325537678074,0.06064491777067937,0.0],"(1, 3, 0, 2)":[0.15878086872483008,0.09064605844701615,0.0],"(1, 3, 0, 1)":[0.12364931859271278,0.045641735160557154,0.0],"(1, 3, 1, 1)":[0.15361781572259853,0.06921273275317563,0.0],"(1, 3, 0, 0)":[0.19973068382765843,0.11247387092294993,0.0],"(1, 3, 1, 0)":[0.21876239400349,0.07774315789887942,0.0],"(1, 3, 2, 0)":[0.23269329604612074,0.09872096935462173,0.0],"(1, 3, 2, 1)":[0.16427407928214416,0.07552951119485624,0.125],"(1, 3, 3, 0)":[0.22910474308616804,0.12854334764584413,0.0],"(2, 2, 0, 2)":[0.10320127178057775,0.04592133090865945,0.0],"(2, 2, 0, 1)":[0.11536374727426091,0.04980783004881665,0.125],"(2, 2, 1, 2)":[0.15807130173736367,0.14877790268337857,0.0],"(2, 2, 1, 1)":[0.193601998102398,0.08808201461199097,0.0],"(2, 3, 0, 3)":[0.12718161584813445,0.06224908649975946,0.0],"(2, 3, 0, 2)":[0.1289834195935996,0.052578386395670466,0.0],"(2, 3, 0, 1)":[0.2053365450521831,0.07622639902230732,0.0],"(2, 3, 1, 2)":[0.240689251920086,0.12248119280202374,0.0],"(2, 3, 1, 1)":[0.2999589356380602,0.09871161215818008,0.0],"(2, 3, 2, 2)":[0.3247969519203957,0.20650408804121903,0.0],"(2, 3, 2, 1)":[0.4824322845632152,0.1006312061726384,0.125],"(2, 2, 0, 0)":[0.17265469439545142,0.08318835846794169,0.125],"(2, 2, 1, 0)":[0.27620527386945115,0.11288186330395324,0.0],"(2, 2, 2, 0)":[0.32292872499892844,0.19118983960330801,0.125],"(2, 3, 0, 0)":[0.2543326974243568,0.09355106872641983,0.125],"(2, 3, 1, 0)":[0.29837781542219133,0.12652414097962483,0.0],"(2, 3, 2, 0)":[0.5150759084775413,0.1270377146496589,0.25],"(2, 3, 3, 0)":[0.8412598830559583,0.38027932013887833,0.125],"(2, 3, 3, 1)":[0.3698113758166194,0.1450257334479201,0.375],"(3, 3, 0, 4)":[0.1100460167611414,0.05222360397008315,0.0],"(3, 3, 0, 3)":[0.12799266007907711,0.05807021259188611,0.0],"(3, 3, 0, 2)":[0.1966056881575966,0.05774554346558855,0.125],"(3, 3, 1, 4)":[0.167341220720255,0.07070202308359423,0.0],"(3, 3, 1, 3)":[0.26999628406142634,0.14287452565038639,0.25],"(3, 3, 1, 2)":[0.32951620219377725,0.14535222689814833,0.125],"(3, 3, 0, 1)":[0.23548913216664094,0.06435860198019487,0.0],"(3, 3, 1, 1)":[0.3969821216429267,0.29857643802966066,0.0],"(3, 3, 2, 1)":[0.6886205811561006,0.34945439729529226,0.375],"(3, 3, 2, 2)":[0.3963099507952582,0.1423522003930198,0.125],"(3, 3, 3, 1)":[0.44836873813460615,0.14252912890673852,0.0],"(3, 3, 0, 0)":[0.38677517159383146,0.1974039438744885,0.0],"(3, 3, 1, 0)":[0.4328049796333862,0.09247285164644203,0.125],"(3, 3, 2, 0)":[0.7481244230093375,0.3048714053943739,0.125],"(3, 3, 3, 0)":[0.8867799056909949,0.3842984625049796,0.375]}