{"(-1, -1, -1, -1)":[3.1400868892669678,0.44719009193066483,0.0],"(1, 1, 0, 0)":[2.2131123542785645,0.5561605499937857,0.0],"(1, 1, 1, 0)":[2.734183430671692,0.9470191324628716,0.0],"(1, 2, 0, 1)":[2.852861702442169,0.10564449218279744,0.0],"(1, 2, 0, 0)":[2.693477988243103,0.24186969368106848,0.0],"(1, 2, 1, 0)":[5.312116920948029,0.6911100137000225,0.0],"(1, 2, 2, 0)":[4.404002368450165,1.3101822997411712,0.0],"(1, 3, 0, 2)":[5.1120325922966,2.177321725816956,0.0],"(1, 3, 0, 1)":[3.7490428686141968,0.8374551750529441,0.0],"(1, 3, 1, 1)":[4.75650691986084,1.3780181916799574,0.0],"(1, 3, 0, 0)":[6.936569392681122,1.7755906835171862,0.0],"(1, 3, 1, 0)":[5.855927288532257,0.8577922332534555,0.0],"(1, 3, 2, 0)":[5.670971214771271,0.850152493104988,0.0],"(1, 3, 2, 1)":[4.251400470733643,2.1003946173364456,0.0],"(1, 3, 3, 0)":[7.233303010463715,3.0789156510983036,0.0],"(2, 2, 0, 2)":[3.378404200077057,0.4744193894060352,0.0],"(2, 2, 0, 1)":[3.528935968875885,1.0830909742935106,0.25],"(2, 2, 1, 2)":[5.819839298725128,3.8155996919314874,0.0],"(2, 2, 1, 1)":[6.298102676868439,1.396880027166235,0.0],"(2, 3, 0, 3)":[4.027079522609711,1.3777920709518332,0.0],"(2, 3, 0, 2)":[4.004119873046875,0.9464932889485007,0.0],"(2, 3, 0, 1)":[5.602392613887787,0.5664049972649121,0.0],"(2, 3, 1, 2)":[7.924552619457245,0.967181740464664,0.0],"(2, 3, 1, 1)":[7.0131887793540955,1.442937842382155,0.0],"(2, 3, 2, 2)":[8.038659572601318,5.679220273854206,0.0],"(2, 3, 2, 1)":[9.168888747692108,0.8311142792343456,0.0],"(2, 2, 0, 0)":[5.2379074692726135,1.9507378004877922,0.0],"(2, 2, 1, 0)":[8.002137780189514,2.1027783276075573,0.0],"(2, 2, 2, 0)":[9.607806622982025,5.163404957648076,0.25],"(2, 3, 0, 0)":[7.970394551753998,0.48103658005118477,0.25],"(2, 3, 1, 0)":[9.167950749397278,2.606958353542351,0.0],"(2, 3, 2, 0)":[10.047984063625336,1.7497745274107679,0.25],"(2, 3, 3, 0)":[23.263525545597076,10.2459742310654,0.0],"(2, 3, 3, 1)":[9.508199751377106,2.3148625178381512,0.25],"(3, 3, 0, 4)":[3.252917230129242,0.7472702540841971,0.0],"(3, 3, 0, 3)":[4.199485123157501,0.7901394899372457,0.0],"(3, 3, 0, 2)":[5.673537313938141,0.757376767286259,0.0],"(3, 3, 1, 4)":[4.252045631408691,1.0260127553577174,0.0],"(3, 3, 1, 3)":[8.542999267578125,3.350060200315891,0.25],"(3, 3, 1, 2)":[7.785415291786194,3.2534820603723817,0.0],"(3, 3, 0, 1)":[6.669871032238007,0.8133004309405649,0.0],"(3, 3, 1, 1)":[13.437307178974152,7.683901336112369,0.0],"(3, 3, 2, 1)":[16.91741794347763,9.743554617768066,0.5],"(3, 3, 2, 2)":[10.474471747875214,2.928114513582184,0.25],"(3, 3, 3, 1)":[9.083064377307892,2.7791638698109877,0.0],"(3, 3, 0, 0)":[13.28792256116867,1.86913832867982,0.0],"(3, 3, 1, 0)":[10.370230436325073,2.505157836048394,0.0],"(3, 3, 2, 0)":[15.224265992641449,1.6521290326314,0.0],"(3, 3, 3, 0)":[17.99572843313217,6.147678273328819,0.75]}