{"(-1, -1, -1, -1)":[3.095660984516144,0.4553975679860896,0.0],"(1, 1, 0, 0)":[2.0792869329452515,0.5092019666105335,0.0],"(1, 1, 1, 0)":[4.924129486083984,1.0789932850029902,0.0],"(1, 2, 0, 1)":[2.293576419353485,0.14101837076184345,0.0],"(1, 2, 0, 0)":[2.266098380088806,0.21046542161664034,0.0],"(1, 2, 1, 0)":[3.5780136585235596,0.8008767287450885,0.0],"(1, 2, 2, 0)":[5.101838946342468,1.5427329870030275,0.0],"(1, 3, 0, 2)":[4.489623606204987,0.7117603623833271,0.0],"(1, 3, 0, 1)":[3.9538105726242065,0.34658768754847163,0.0],"(1, 3, 1, 1)":[4.717114329338074,1.3782742304274678,0.0],"(1, 3, 0, 0)":[4.648915469646454,0.44311157540363444,0.0],"(1, 3, 1, 0)":[8.528022050857544,4.245462059220732,0.0],"(1, 3, 2, 0)":[10.171737551689148,6.1425882576049995,0.0],"(1, 3, 2, 1)":[6.691875636577606,2.3290628854973323,0.25],"(1, 3, 3, 0)":[6.7598976492881775,2.1232542619164243,0.0],"(2, 2, 0, 2)":[2.808014392852783,0.7541305851945542,0.0],"(2, 2, 0, 1)":[3.6274896264076233,0.570088691553466,0.0],"(2, 2, 1, 2)":[3.028010904788971,0.9224943672063826,0.0],"(2, 2, 1, 1)":[5.3459972739219666,0.17375030962373042,0.0],"(2, 3, 0, 3)":[3.729505717754364,0.22467642790327935,0.0],"(2, 3, 0, 2)":[3.940203011035919,0.5660609077265544,0.0],"(2, 3, 0, 1)":[7.79579496383667,4.233973113099384,0.0],"(2, 3, 1, 2)":[6.4595009088516235,4.179846917699087,0.0],"(2, 3, 1, 1)":[13.698320508003235,5.739321924172716,0.0],"(2, 3, 2, 2)":[13.955138981342316,7.232324834964404,0.0],"(2, 3, 2, 1)":[26.19556152820587,2.669548916218037,0.25],"(2, 2, 0, 0)":[5.514841437339783,1.652641554674993,0.25],"(2, 2, 1, 0)":[9.566663920879364,4.137993430582114,0.0],"(2, 2, 2, 0)":[10.68777221441269,4.006261073897273,0.0],"(2, 3, 0, 0)":[7.6214728355407715,1.7711479289727183,0.0],"(2, 3, 1, 0)":[9.301911890506744,1.5474594953263074,0.0],"(2, 3, 2, 0)":[27.45769864320755,5.1907545136187725,0.25],"(2, 3, 3, 0)":[31.326359391212463,9.720058161576718,0.25],"(2, 3, 3, 1)":[15.187942028045654,7.83449213364295,0.5],"(3, 3, 0, 4)":[3.683917224407196,2.3621819821144694,0.0],"(3, 3, 0, 3)":[3.463806450366974,0.39181250524539246,0.0],"(3, 3, 0, 2)":[6.853969573974609,1.5491690072924735,0.25],"(3, 3, 1, 4)":[6.972154676914215,3.9949404448447194,0.0],"(3, 3, 1, 3)":[7.929602026939392,1.5774305368913466,0.25],"(3, 3, 1, 2)":[14.887990057468414,6.906500733236694,0.25],"(3, 3, 0, 1)":[8.45759129524231,1.955284277264774,0.0],"(3, 3, 1, 1)":[9.930125653743744,2.882482771042898,0.0],"(3, 3, 2, 1)":[29.83529382944107,11.776857351881509,0.25],"(3, 3, 2, 2)":[15.713990569114685,6.3042751589227315,0.0],"(3, 3, 3, 1)":[23.237985908985138,6.433336843351005,0.0],"(3, 3, 0, 0)":[9.287896931171417,2.700788202232187,0.0],"(3, 3, 1, 0)":[19.26975977420807,3.3001572582185505,0.25],"(3, 3, 2, 0)":[38.63804805278778,18.547089568190202,0.25],"(3, 3, 3, 0)":[45.89809840917587,20.52103665497035,0.0]}