{"(-1, -1, -1, -1)":[0.06744638866993374,0.009921926697839999,0.0],"(1, 1, 0, 0)":[0.04530224573594891,0.01109418438365487,0.0],"(1, 1, 1, 0)":[0.10728395416703278,0.023508452907654222,0.0],"(1, 2, 0, 1)":[0.049971055421654614,0.0030724229466912137,0.0],"(1, 2, 0, 0)":[0.04937238052624358,0.00458549327556813,0.0],"(1, 2, 1, 0)":[0.07795559691005083,0.01744901763914861,0.0],"(1, 2, 2, 0)":[0.11115578037373586,0.03361213297443728,0.0],"(1, 3, 0, 2)":[0.09781720293029456,0.015507404163851655,0.0],"(1, 3, 0, 1)":[0.08614323271906549,0.007551242852344023,0.0],"(1, 3, 1, 1)":[0.10277363317507368,0.030029005082962766,0.0],"(1, 3, 0, 0)":[0.10128775768011013,0.009654246924422655,0.0],"(1, 3, 1, 0)":[0.18580338502983892,0.09249755886121822,0.0],"(1, 3, 2, 0)":[0.22161566392161536,0.13383099671896176,0.0],"(1, 3, 2, 1)":[0.14579853781567076,0.05074421307684743,0.25],"(1, 3, 3, 0)":[0.14728056027560282,0.046260179299540356,0.0],"(2, 2, 0, 2)":[0.061179318755641726,0.016430540944672112,0.0],"(2, 2, 0, 1)":[0.07903354936557506,0.012420747510522023,0.0],"(2, 2, 1, 2)":[0.0659724696608262,0.02009874916782956,0.0],"(2, 2, 1, 1)":[0.11647535430036908,0.0037855666279410505,0.0],"(2, 3, 0, 3)":[0.08125621424457025,0.004895114082947768,0.0],"(2, 3, 0, 2)":[0.08584675939969226,0.012332992593292024,0.0],"(2, 3, 0, 1)":[0.169850064251859,0.09224724465388602,0.0],"(2, 3, 1, 2)":[0.14073569783362203,0.09106797585460445,0.0],"(2, 3, 1, 1)":[0.29845071980726523,0.12504487382042215,0.0],"(2, 3, 2, 2)":[0.3040461253303781,0.15757351798083488,0.0],"(2, 3, 2, 1)":[0.570733046381915,0.058162516721702466,0.25],"(2, 2, 0, 0)":[0.12015402878297164,0.03600675435269449,0.25],"(2, 2, 1, 0)":[0.20843268572030454,0.09015609739846767,0.0],"(2, 2, 2, 0)":[0.2328587149544306,0.08728599250849023,0.0],"(2, 3, 0, 0)":[0.16605203918463646,0.038588699540080144,0.0],"(2, 3, 1, 0)":[0.20266442865631057,0.03371511127826903,0.0],"(2, 3, 2, 0)":[0.5982317262564031,0.11309301896004141,0.25],"(2, 3, 3, 0)":[0.6825197661119169,0.21177474663380608,0.25],"(2, 3, 3, 1)":[0.3309056922717588,0.17069317477598792,0.5],"(3, 3, 0, 4)":[0.08026295973235165,0.05146579191703999,0.0],"(3, 3, 0, 3)":[0.07546731935357251,0.00853657381951715,0.0],"(3, 3, 0, 2)":[0.14933014245758763,0.03375235709074096,0.25],"(3, 3, 1, 4)":[0.15190508797899027,0.08703934549162189,0.0],"(3, 3, 1, 3)":[0.17276537159008137,0.034368102199545364,0.25],"(3, 3, 1, 2)":[0.324370520206389,0.1504746595744794,0.25],"(3, 3, 0, 1)":[0.18426888233677852,0.04260055089502088,0.0],"(3, 3, 1, 1)":[0.2163515700632715,0.06280179072662054,0.0],"(3, 3, 2, 1)":[0.650033331739871,0.25658704303808577,0.25],"(3, 3, 2, 2)":[0.3423669196276151,0.13735373310503846,0.0],"(3, 3, 3, 1)":[0.5062951781100247,0.14016565100363423,0.0],"(3, 3, 0, 0)":[0.2023590792012986,0.058843139385753945,0.0],"(3, 3, 1, 0)":[0.41983786784412164,0.07190182976205368,0.25],"(3, 3, 2, 0)":[0.8418224151321991,0.40409276660756605,0.25],"(3, 3, 3, 0)":[1.0,0.44709993150539357,0.0]}