{"(-1, -1, -1, -1)":[2.7448495030403137,0.8174196828497704,0.0],"(1, 1, 0, 0)":[1.7935250401496887,0.4367653514753941,0.0],"(1, 1, 1, 0)":[1.5818018317222595,0.3975521816465353,0.0],"(1, 2, 0, 1)":[2.0352081656455994,0.16317718363739825,0.0],"(1, 2, 0, 0)":[3.1922850608825684,1.3892083030215292,0.25],"(1, 2, 1, 0)":[2.107956349849701,0.23004904853032734,0.0],"(1, 2, 2, 0)":[3.2576409578323364,0.5759436709057548,0.0],"(1, 3, 0, 2)":[1.694324254989624,0.2601784332325351,0.0],"(1, 3, 0, 1)":[2.5785977840423584,0.7205004167086383,0.0],"(1, 3, 1, 1)":[2.8434370160102844,0.37588631767488284,0.0],"(1, 3, 0, 0)":[2.7835888266563416,0.9497688380354531,0.0],"(1, 3, 1, 0)":[3.4735252261161804,1.4566538084561864,0.25],"(1, 3, 2, 0)":[4.641996443271637,1.122616140947131,0.0],"(1, 3, 2, 1)":[2.5564990639686584,0.6123495912762216,0.0],"(1, 3, 3, 0)":[3.2449123859405518,1.0149342639821106,0.0],"(2, 2, 0, 2)":[1.8405259251594543,0.34686138094730706,0.0],"(2, 2, 0, 1)":[2.6291856169700623,0.267053423688298,0.25],"(2, 2, 1, 2)":[1.981793761253357,0.5262316921968694,0.0],"(2, 2, 1, 1)":[2.6577454805374146,0.6164751246959085,0.0],"(2, 3, 0, 3)":[2.001462757587433,0.32757108854358424,0.0],"(2, 3, 0, 2)":[3.459714412689209,1.2723163585758819,0.0],"(2, 3, 0, 1)":[7.23789769411087,2.5521342731973147,0.25],"(2, 3, 1, 2)":[4.389773070812225,2.403662540849733,0.0],"(2, 3, 1, 1)":[8.952295482158661,3.9533814263917684,0.5],"(2, 3, 2, 2)":[3.1624119877815247,1.1104103376534487,0.0],"(2, 3, 2, 1)":[7.359086811542511,2.0940260832674675,0.5],"(2, 2, 0, 0)":[5.068913519382477,2.274128633698066,0.25],"(2, 2, 1, 0)":[6.739450037479401,3.4484836128357204,0.25],"(2, 2, 2, 0)":[8.877372980117798,4.220766575495409,0.5],"(2, 3, 0, 0)":[4.369023859500885,0.6948616988269708,0.0],"(2, 3, 1, 0)":[5.655273795127869,1.3990788557678349,0.0],"(2, 3, 2, 0)":[8.959383845329285,3.6609979792594007,0.25],"(2, 3, 3, 0)":[8.731419682502747,2.01920105372782,0.5],"(2, 3, 3, 1)":[5.163516044616699,2.388119094341669,0.0],"(3, 3, 0, 4)":[2.733434498310089,1.0416896425701003,0.0],"(3, 3, 0, 3)":[3.083604335784912,0.31207526837690824,0.0],"(3, 3, 0, 2)":[3.070980191230774,0.4507841520547305,0.0],"(3, 3, 1, 4)":[2.400434195995331,0.5426519279618711,0.0],"(3, 3, 1, 3)":[3.288708508014679,0.34173992413355325,0.0],"(3, 3, 1, 2)":[3.5806788206100464,0.6328766863847813,0.0],"(3, 3, 0, 1)":[5.171683430671692,1.4595647878725835,0.5],"(3, 3, 1, 1)":[8.607394874095917,2.3907078896694895,0.25],"(3, 3, 2, 1)":[12.802974462509155,4.393507139553876,0.25],"(3, 3, 2, 2)":[9.501975238323212,6.673887519307111,0.5],"(3, 3, 3, 1)":[8.479467332363129,1.1593182387593068,0.0],"(3, 3, 0, 0)":[7.266875922679901,1.9109661956072665,0.25],"(3, 3, 1, 0)":[6.39664888381958,1.6832838994800388,0.25],"(3, 3, 2, 0)":[9.890080690383911,2.225897432005986,0.25],"(3, 3, 3, 0)":[13.818720757961273,4.041416337762261,0.25]}